{"cameraMode":{"drawMode":0,"name":"Shaded","section":"Shading Mode"},"sceneLighting":true,"audioPlay":false,"sceneViewState":{"showFog":false,"showMaterialUpdate":false,"showSkybox":true,"showFlares":false,"showImageEffects":false,"showParticleSystems":true},"in2DMode":false,"pivot":{"x":-15.400113105773926,"y":0.10835647583007813,"z":13.224309921264649},"rotation":{"x":0.20440587401390077,"y":-0.7957147359848023,"z":0.39464130997657778,"w":0.41169410943984988},"size":75.10686492919922,"orthographic":false}