{"cameraMode":{"drawMode":0,"name":"Shaded","section":"Shading Mode"},"sceneLighting":true,"audioPlay":false,"sceneViewState":{"showFog":false,"showMaterialUpdate":false,"showSkybox":true,"showFlares":false,"showImageEffects":false,"showParticleSystems":true},"in2DMode":false,"pivot":{"x":-0.0849219560623169,"y":2.250669002532959,"z":3.854088306427002},"rotation":{"x":-0.19376957416534425,"y":0.7964150309562683,"z":-0.329056978225708,"w":-0.4689857065677643},"size":10.522944450378418,"orthographic":false}