{"cameraMode":{"drawMode":0,"name":"Shaded","section":"Shading Mode"},"sceneLighting":true,"audioPlay":false,"sceneViewState":{"showFog":false,"showMaterialUpdate":false,"showSkybox":true,"showFlares":false,"showImageEffects":false,"showParticleSystems":true},"in2DMode":false,"pivot":{"x":-3.790848731994629,"y":0.6347395181655884,"z":4.883337020874023},"rotation":{"x":-0.0034379223361611368,"y":0.7005078792572022,"z":-0.003362882649526,"w":-0.7136602401733398},"size":7.458413600921631,"orthographic":false}