{"cameraMode":{"drawMode":0,"name":"Shaded","section":"Shading Mode"},"sceneLighting":true,"audioPlay":false,"sceneViewState":{"showFog":false,"showMaterialUpdate":false,"showSkybox":true,"showFlares":false,"showImageEffects":false,"showParticleSystems":true},"in2DMode":false,"pivot":{"x":-0.08611917495727539,"y":2.2293124198913576,"z":0.002031385898590088},"rotation":{"x":-0.0027069058269262316,"y":0.9983694553375244,"z":0.056939005851745608,"w":0.026749536395072938},"size":8.969649314880371,"orthographic":false}