{"cameraMode":{"drawMode":0,"name":"Shaded","section":"Shading Mode"},"sceneLighting":true,"audioPlay":false,"sceneViewState":{"showFog":false,"showMaterialUpdate":false,"showSkybox":true,"showFlares":false,"showImageEffects":false,"showParticleSystems":true},"in2DMode":false,"pivot":{"x":5.952974319458008,"y":3.33223819732666,"z":3.0635244846343996},"rotation":{"x":-0.09409043192863465,"y":0.4222572445869446,"z":-0.042773958295583728,"w":-0.9009580612182617},"size":8.832013130187989,"orthographic":false}