{"cameraMode":{"drawMode":0,"name":"Shaded","section":"Shading Mode"},"sceneLighting":true,"audioPlay":false,"sceneViewState":{"showFog":false,"showMaterialUpdate":false,"showSkybox":true,"showFlares":false,"showImageEffects":false,"showParticleSystems":true},"in2DMode":false,"pivot":{"x":-0.1328425407409668,"y":2.352536916732788,"z":6.9254150390625},"rotation":{"x":-0.06007048115134239,"y":0.9378916621208191,"z":-0.2075749784708023,"w":-0.2714211046695709},"size":4.796201705932617,"orthographic":false}