{"cameraMode":{"drawMode":0,"name":"Shaded","section":"Shading Mode"},"sceneLighting":true,"audioPlay":false,"sceneViewState":{"showFog":false,"showMaterialUpdate":false,"showSkybox":true,"showFlares":false,"showImageEffects":false,"showParticleSystems":true},"in2DMode":false,"pivot":{"x":30.696739196777345,"y":14.405227661132813,"z":-35.74980926513672},"rotation":{"x":0.23112753033638,"y":-0.45335856080055239,"z":0.12298402935266495,"w":0.8520106673240662},"size":27.313785552978517,"orthographic":false}