{"cameraMode":{"drawMode":0,"name":"Shaded","section":"Shading Mode"},"sceneLighting":true,"audioPlay":false,"sceneViewState":{"showFog":false,"showMaterialUpdate":false,"showSkybox":true,"showFlares":false,"showImageEffects":false,"showParticleSystems":true},"in2DMode":false,"pivot":{"x":-5.582062721252441,"y":-8.589608192443848,"z":-11.83184814453125},"rotation":{"x":0.060165565460920337,"y":-0.9325259327888489,"z":0.18265919387340547,"w":0.3059333264827728},"size":53.878562927246097,"orthographic":false}