{"cameraMode":{"drawMode":0,"name":"Shaded","section":"Shading Mode"},"sceneLighting":true,"audioPlay":false,"sceneViewState":{"showFog":false,"showMaterialUpdate":false,"showSkybox":true,"showFlares":false,"showImageEffects":false,"showParticleSystems":true},"in2DMode":false,"pivot":{"x":2.5124378204345705,"y":2.3138160705566408,"z":2.723240852355957},"rotation":{"x":0.0012723611434921623,"y":0.9906575679779053,"z":0.0180035550147295,"w":-0.1377512365579605},"size":10.522944450378418,"orthographic":false}