{"cameraMode":{"drawMode":0,"name":"Shaded","section":"Shading Mode"},"sceneLighting":true,"audioPlay":false,"sceneViewState":{"showFog":false,"showMaterialUpdate":false,"showSkybox":true,"showFlares":false,"showImageEffects":false,"showParticleSystems":true},"in2DMode":false,"pivot":{"x":-0.8110349774360657,"y":7.248843669891357,"z":-31.52555274963379},"rotation":{"x":0.12605276703834535,"y":-0.7915089726448059,"z":0.17442063987255097,"w":0.5720198750495911},"size":29.305694580078126,"orthographic":false}