{"cameraMode":{"drawMode":0,"name":"Shaded","section":"Shading Mode"},"sceneLighting":false,"audioPlay":false,"sceneViewState":{"showFog":false,"showMaterialUpdate":false,"showSkybox":false,"showFlares":false,"showImageEffects":false,"showParticleSystems":true},"in2DMode":false,"pivot":{"x":0.0,"y":0.25425004959106448,"z":0.0022499561309814455},"rotation":{"x":0.20511072874069215,"y":-0.7795882225036621,"z":0.49787914752960207,"w":0.3204413056373596},"size":46.16023254394531,"orthographic":false}